{"cameraMode":{"drawMode":0,"name":"Shaded","section":"Shading Mode"},"sceneLighting":true,"audioPlay":false,"sceneViewState":{"showFog":true,"showMaterialUpdate":true,"showSkybox":true,"showFlares":true,"showImageEffects":true,"showParticleSystems":true},"in2DMode":false,"pivot":{"x":3.1498777866363527,"y":-21.534996032714845,"z":18.323997497558595},"rotation":{"x":-0.21754741668701173,"y":0.009367731399834156,"z":-0.002088820794597268,"w":-0.9760125875473023},"size":53.744773864746097,"orthographic":false}